PRAGMA foreign_keys = ON;

INSERT INTO clinics (id, name, city, created_at) VALUES
  ('clinic_herrera', 'Clínica Herrera Dental', 'Ciudad de México', '2026-01-05T09:00:00'),
  ('clinic_padilla', 'Padilla Maxilofacial', 'Ciudad de México', '2026-01-08T09:00:00');

INSERT INTO doctors (id, clinic_id, full_name, email, handle, specialty, phone, city, profile_photo_url, created_at) VALUES
  ('doc_sofia', 'clinic_herrera', 'Dra. Sofia Herrera', 'sofia.herrera@consulta.mx', '@sofia-herrera', 'Ortodoncia y ATM', '55 7123 8842', 'Ciudad de México', '', '2026-01-05T09:10:00'),
  ('doc_marco', 'clinic_padilla', 'Dr. Marco Padilla', 'marco.padilla@consulta.mx', '@marco-padilla', 'Cirugía maxilofacial', '55 4400 9821', 'Ciudad de México', '', '2026-01-08T09:10:00');

INSERT INTO studies (id, name, short_label, category, base_price, estimated_duration_minutes, active, config_json) VALUES
  ('study_ortho_package', 'Estudio Ortodóntico Completo', 'EOC', 'Estudio Ortodóntico Completo', 2600, 70, 1, '{"type":"orthodontic_package","requires":["dimension","cephalometric_analysis"],"options":{"dimension":["2D","3D"]}}'),
  ('study_opg', 'Ortopantomografía', 'OPG', 'Radiografías y proyecciones', 450, 15, 1, '{}'),
  ('study_lateral', 'Lateral de Craneo', 'LAT', 'Radiografías y proyecciones', 380, 15, 1, '{}'),
  ('study_pa', 'PA De craneo', 'PA', 'Radiografías y proyecciones', 380, 15, 1, '{}'),
  ('study_ap', 'A-P de craneo', 'AP', 'Radiografías y proyecciones', 380, 15, 1, '{}'),
  ('study_waters', 'WATERS', 'WATERS', 'Radiografías y proyecciones', 380, 15, 1, '{}'),
  ('study_atm', 'ATM COMPARATIVA', 'ATM', 'Radiografías y proyecciones', 650, 25, 1, '{}'),
  ('study_carpal', 'Carpal', 'CARPAL', 'Radiografías y proyecciones', 360, 15, 1, '{}'),
  ('study_senos', 'Senos paranasales', 'SENOS', 'Radiografías y proyecciones', 380, 15, 1, '{}'),
  ('study_cbct', 'Tomografía 3D', 'CBCT', 'Tomografía 3D', 1850, 35, 1, '{"type":"tomography_3d","fov_options":["17x13","11x10","8x8","5x5"],"rules":{"17x13":{"requires":[]},"11x10":{"requires":[]},"8x8":{"requires":["arch"],"options":["Maxilar","Mandibular"]},"5x5":{"requires":["tooth"]}}}'),
  ('study_photo_digital', 'FOTOGRAFÍA EXTRAORAL E INTRAORAL DIGITAL', 'FOTO DIG', 'Fotografía, escaneo intraoral y modelos de estudio', 600, 25, 1, '{}'),
  ('study_photo_printed', 'FOTOGRAFÍA EXTRAORAL E INTRAORAL IMPRESA', 'FOTO IMP', 'Fotografía, escaneo intraoral y modelos de estudio', 750, 30, 1, '{}'),
  ('study_model_yeso', 'MODELOS DE ESTUDIO EN YESO', 'YESO', 'Fotografía, escaneo intraoral y modelos de estudio', 900, 45, 1, '{}'),
  ('study_model_resina', 'MODELOS DE ESTUDIO EN RESINA', 'RESINA', 'Fotografía, escaneo intraoral y modelos de estudio', 1200, 45, 1, '{}'),
  ('study_itero', 'ESCANEO INTRAORAL ITERO', 'ITERO', 'Fotografía, escaneo intraoral y modelos de estudio', 1100, 35, 1, '{}'),
  ('study_bolton', 'ANALISIS DE MODELOS BOLTON', 'BOLTON', 'Análisis de modelos', 450, 20, 1, '{}'),
  ('study_moyers', 'ANALISIS DE MODELOS MOYERS', 'MOYERS', 'Análisis de modelos', 450, 20, 1, '{}'),
  ('study_rickets', 'NEMOCEF RICKETS', 'RICKETS', 'Análisis cefalométrico NEMOCEF', 650, 25, 1, '{}'),
  ('study_steiner', 'NEMOCEF STEINER', 'STEINER', 'Análisis cefalométrico NEMOCEF', 650, 25, 1, '{}'),
  ('study_mcnamara', 'NEMOCEF MC. NAMARA', 'MCN', 'Análisis cefalométrico NEMOCEF', 650, 25, 1, '{}'),
  ('study_tweed', 'NEMOCEF TWEED', 'TWEED', 'Análisis cefalométrico NEMOCEF', 650, 25, 1, '{}'),
  ('study_jaraback', 'NEMOCEF JARABACK', 'JARABACK', 'Análisis cefalométrico NEMOCEF', 650, 25, 1, '{}'),
  ('study_downs', 'NEMOCEF DOWNS', 'DOWNS', 'Análisis cefalométrico NEMOCEF', 650, 25, 1, '{}');

INSERT INTO partner_tiers (id, name, short_name, min_referrals, min_points, reward_description, benefits_json, active) VALUES
  ('tier_socio', 'Socio Radio Imagen Dentomaxilar', 'Socio', 1, 100, 'Kit digital de inicio', '["Acceso a plataforma iTero","Xelis Dental Viewer","Sidexis Dental Viewer","10% cashback en estudios de tus pacientes","Capacitación 1 a 1"]', 1),
  ('tier_activo', 'Socio Activo', 'Activo', 5, 500, 'Acompañamiento clínico preferente', '["Invitación preferente para pláticas y capacitaciones","Presentación de estudios ortodónticos personalizada","Material digital para explicar estudios a pacientes","Soporte para preparar casos antes de iniciar tratamiento","Avisos prioritarios cuando los resultados estén listos"]', 1),
  ('tier_plata', 'Socio Plata', 'Plata', 10, 1000, 'Impulso de consulta', '["Prioridad en seguimiento operativo","Plantillas personalizadas para solicitar estudios","Resumen mensual de pacientes referidos","Revisión trimestral de estudios más solicitados"]', 1),
  ('tier_oro', 'Socio Oro', 'Oro', 25, 2500, 'Inteligencia clínica y comercial', '["Reporte mensual personalizado","Sesión de lectura de KPIs de referidos","Apoyo para campañas internas de diagnóstico","Capacitación grupal para el equipo de consulta"]', 1),
  ('tier_diamante', 'Socio Diamante', 'Diamante', 50, 5000, 'Alianza preferencial', '["Beneficios preferenciales y planeación conjunta","Agenda preferente para capacitaciones privadas","Revisión estratégica de crecimiento de consulta","Material co-brandeado para comunicación con pacientes"]', 1);

INSERT INTO patients (id, full_name, birth_date, phone, created_at) VALUES
  ('pat_001', 'Mariana Lopez Garcia', '2004-02-18', '55 1000 0001', '2026-06-01T09:00:00'),
  ('pat_002', 'Carlos Mendez Ruiz', '1998-11-03', '55 1000 0002', '2026-06-01T09:10:00'),
  ('pat_003', 'Roberto Salinas Vega', '1987-06-21', '55 1000 0003', '2026-06-01T09:20:00'),
  ('pat_004', 'Andrea Ruiz Martinez', '2001-09-12', '55 1000 0004', '2026-06-02T09:00:00'),
  ('pat_005', 'Lucia Navarro Torres', '2009-04-15', '55 1000 0005', '2026-06-02T09:10:00'),
  ('pat_006', 'Diego Hernandez Soto', '2006-07-07', '55 1000 0006', '2026-06-02T09:20:00'),
  ('pat_007', 'Fernanda Molina Perez', '2010-01-29', '55 1000 0007', '2026-06-03T09:00:00'),
  ('pat_008', 'Jorge Aranda Flores', '1995-12-02', '55 1000 0008', '2026-06-03T09:10:00'),
  ('pat_009', 'Camila Ortega Silva', '2008-08-09', '55 1000 0009', '2026-06-03T09:20:00'),
  ('pat_010', 'Emiliano Castro Leon', '2007-05-19', '55 1000 0010', '2026-06-04T09:00:00'),
  ('pat_011', 'Daniela Torres Diaz', '2003-10-30', '55 1000 0011', '2026-06-04T09:10:00'),
  ('pat_012', 'Mateo Rios Aguilar', '2011-03-13', '55 1000 0012', '2026-06-04T09:20:00'),
  ('pat_013', 'Paula Cano Ibarra', '1999-01-22', '55 1000 0013', '2026-06-05T09:00:00'),
  ('pat_014', 'Sebastian Vega Nunez', '2005-06-11', '55 1000 0014', '2026-06-05T09:10:00'),
  ('pat_015', 'Valentina Cruz Medina', '2012-07-04', '55 1000 0015', '2026-06-05T09:20:00'),
  ('pat_016', 'Regina Paredes Luna', '2002-02-24', '55 1000 0016', '2026-06-06T09:00:00'),
  ('pat_017', 'Nicolas Bravo Ortiz', '1996-09-16', '55 1000 0017', '2026-06-06T09:10:00'),
  ('pat_018', 'Sofia Calderon Reyes', '2000-05-01', '55 1000 0018', '2026-06-06T09:20:00'),
  ('pat_019', 'Valeria Torres Diaz', '1993-04-20', '55 2000 0001', '2026-06-01T10:00:00'),
  ('pat_020', 'Adrian Ponce Rivas', '1984-11-05', '55 2000 0002', '2026-06-02T10:00:00'),
  ('pat_021', 'Claudia Neri Gomez', '1978-07-17', '55 2000 0003', '2026-06-02T10:10:00'),
  ('pat_022', 'Oscar Salgado Mora', '1990-12-25', '55 2000 0004', '2026-06-03T10:00:00'),
  ('pat_023', 'Alicia Fuentes Prado', '1989-01-14', '55 2000 0005', '2026-06-04T10:00:00'),
  ('pat_024', 'Ramon Ibarra Gil', '1981-02-08', '55 2000 0006', '2026-06-04T10:10:00'),
  ('pat_025', 'Monica Alvarez Sol', '1997-03-09', '55 2000 0007', '2026-06-05T10:00:00'),
  ('pat_026', 'Hector Duran Mejia', '1986-10-19', '55 2000 0008', '2026-06-06T10:00:00');

INSERT INTO orders (id, order_number, clinic_id, doctor_id, patient_id, referral_date, status, clinical_notes, internal_notes, created_at, updated_at) VALUES
  ('ord_001', 'ORD-2026-0001', 'clinic_herrera', 'doc_sofia', 'pat_001', '2026-06-01', 'lista', 'Planeación ortodóntica inicial.', '', '2026-06-01T09:00:00', '2026-06-01T13:00:00'),
  ('ord_002', 'ORD-2026-0002', 'clinic_herrera', 'doc_sofia', 'pat_002', '2026-06-01', 'agendada', 'Valoración general para diagnóstico.', '', '2026-06-01T09:10:00', '2026-06-01T12:00:00'),
  ('ord_003', 'ORD-2026-0003', 'clinic_herrera', 'doc_sofia', 'pat_003', '2026-06-01', 'recibida', 'Evaluación de ATM.', '', '2026-06-01T09:20:00', '2026-06-01T09:20:00'),
  ('ord_004', 'ORD-2026-0004', 'clinic_herrera', 'doc_sofia', 'pat_004', '2026-06-02', 'entregada', 'Estudio ortodóntico completo 2D.', '', '2026-06-02T09:00:00', '2026-06-02T16:00:00'),
  ('ord_005', 'ORD-2026-0005', 'clinic_herrera', 'doc_sofia', 'pat_005', '2026-06-02', 'lista', 'Cefalometría Rickets.', '', '2026-06-02T09:10:00', '2026-06-02T14:00:00'),
  ('ord_006', 'ORD-2026-0006', 'clinic_herrera', 'doc_sofia', 'pat_006', '2026-06-02', 'agendada', 'Escaneo intraoral y modelos.', '', '2026-06-02T09:20:00', '2026-06-02T10:20:00'),
  ('ord_007', 'ORD-2026-0007', 'clinic_herrera', 'doc_sofia', 'pat_007', '2026-06-03', 'en_proceso', 'Estudio ortodóntico completo 3D.', '', '2026-06-03T09:00:00', '2026-06-03T11:00:00'),
  ('ord_008', 'ORD-2026-0008', 'clinic_herrera', 'doc_sofia', 'pat_008', '2026-06-03', 'lista', 'OPG para control.', '', '2026-06-03T09:10:00', '2026-06-03T13:30:00'),
  ('ord_009', 'ORD-2026-0009', 'clinic_herrera', 'doc_sofia', 'pat_009', '2026-06-03', 'recibida', 'Lateral y análisis Steiner.', '', '2026-06-03T09:20:00', '2026-06-03T09:20:00'),
  ('ord_010', 'ORD-2026-0010', 'clinic_herrera', 'doc_sofia', 'pat_010', '2026-06-04', 'entregada', 'Estudio ortodóntico completo 2D.', '', '2026-06-04T09:00:00', '2026-06-04T15:00:00'),
  ('ord_011', 'ORD-2026-0011', 'clinic_herrera', 'doc_sofia', 'pat_011', '2026-06-04', 'agendada', 'CBCT 8x8 maxilar.', '', '2026-06-04T09:10:00', '2026-06-04T10:00:00'),
  ('ord_012', 'ORD-2026-0012', 'clinic_herrera', 'doc_sofia', 'pat_012', '2026-06-04', 'lista', 'Fotografía y modelos.', '', '2026-06-04T09:20:00', '2026-06-04T14:00:00'),
  ('ord_013', 'ORD-2026-0013', 'clinic_herrera', 'doc_sofia', 'pat_013', '2026-06-05', 'recibida', 'OPG y carpal.', '', '2026-06-05T09:00:00', '2026-06-05T09:00:00'),
  ('ord_014', 'ORD-2026-0014', 'clinic_herrera', 'doc_sofia', 'pat_014', '2026-06-05', 'en_revision', 'Análisis Mc. Namara.', '', '2026-06-05T09:10:00', '2026-06-05T11:00:00'),
  ('ord_015', 'ORD-2026-0015', 'clinic_herrera', 'doc_sofia', 'pat_015', '2026-06-05', 'lista', 'Estudio ortodóntico completo 3D.', '', '2026-06-05T09:20:00', '2026-06-05T15:00:00'),
  ('ord_016', 'ORD-2026-0016', 'clinic_herrera', 'doc_sofia', 'pat_016', '2026-06-06', 'recibida', 'OPG de seguimiento.', '', '2026-06-06T09:00:00', '2026-06-06T09:00:00'),
  ('ord_017', 'ORD-2026-0017', 'clinic_herrera', 'doc_sofia', 'pat_017', '2026-06-06', 'agendada', 'CBCT 5x5 pieza 1.6.', '', '2026-06-06T09:10:00', '2026-06-06T10:00:00'),
  ('ord_018', 'ORD-2026-0018', 'clinic_herrera', 'doc_sofia', 'pat_018', '2026-06-06', 'lista', 'Lateral de cráneo y Downs.', '', '2026-06-06T09:20:00', '2026-06-06T14:00:00'),
  ('ord_019', 'ORD-2026-0019', 'clinic_padilla', 'doc_marco', 'pat_019', '2026-06-01', 'en_proceso', 'CBCT 17x13 quirúrgico.', '', '2026-06-01T10:00:00', '2026-06-01T11:00:00'),
  ('ord_020', 'ORD-2026-0020', 'clinic_padilla', 'doc_marco', 'pat_020', '2026-06-02', 'lista', 'CBCT 8x8 mandibular.', '', '2026-06-02T10:00:00', '2026-06-02T13:00:00'),
  ('ord_021', 'ORD-2026-0021', 'clinic_padilla', 'doc_marco', 'pat_021', '2026-06-02', 'recibida', 'ATM comparativa.', '', '2026-06-02T10:10:00', '2026-06-02T10:10:00'),
  ('ord_022', 'ORD-2026-0022', 'clinic_padilla', 'doc_marco', 'pat_022', '2026-06-03', 'agendada', 'CBCT 5x5 pieza 3.7.', '', '2026-06-03T10:00:00', '2026-06-03T11:00:00'),
  ('ord_023', 'ORD-2026-0023', 'clinic_padilla', 'doc_marco', 'pat_023', '2026-06-04', 'lista', 'OPG prequirúrgica.', '', '2026-06-04T10:00:00', '2026-06-04T13:00:00'),
  ('ord_024', 'ORD-2026-0024', 'clinic_padilla', 'doc_marco', 'pat_024', '2026-06-04', 'recibida', 'CBCT 11x10.', '', '2026-06-04T10:10:00', '2026-06-04T10:10:00'),
  ('ord_025', 'ORD-2026-0025', 'clinic_padilla', 'doc_marco', 'pat_025', '2026-06-05', 'entregada', 'Senos paranasales.', '', '2026-06-05T10:00:00', '2026-06-05T15:00:00'),
  ('ord_026', 'ORD-2026-0026', 'clinic_padilla', 'doc_marco', 'pat_026', '2026-06-06', 'en_revision', 'CBCT para tercer molar.', '', '2026-06-06T10:00:00', '2026-06-06T12:00:00');

INSERT INTO order_studies (id, order_id, study_id, price_at_order, notes, configuration_json) VALUES
  ('os_001', 'ord_001', 'study_opg', 450, '', '{}'),
  ('os_002', 'ord_001', 'study_lateral', 380, '', '{}'),
  ('os_003', 'ord_002', 'study_opg', 450, '', '{}'),
  ('os_004', 'ord_003', 'study_atm', 650, '', '{}'),
  ('os_005', 'ord_004', 'study_ortho_package', 2600, 'Paquete 2D', '{"dimension":"2D","cephalometric_analysis":"NEMOCEF RICKETS","special_instructions":"Evaluar clase esqueletal"}'),
  ('os_006', 'ord_005', 'study_rickets', 650, '', '{}'),
  ('os_007', 'ord_006', 'study_itero', 1100, '', '{}'),
  ('os_008', 'ord_006', 'study_model_resina', 1200, '', '{}'),
  ('os_009', 'ord_007', 'study_ortho_package', 3600, 'Paquete 3D', '{"dimension":"3D","cephalometric_analysis":"NEMOCEF STEINER","special_instructions":"Evaluar vía aérea","tomography":{"fov":"8x8","arch":"Maxilar"}}'),
  ('os_010', 'ord_008', 'study_opg', 450, '', '{}'),
  ('os_011', 'ord_009', 'study_lateral', 380, '', '{}'),
  ('os_012', 'ord_009', 'study_steiner', 650, '', '{}'),
  ('os_013', 'ord_010', 'study_ortho_package', 2600, 'Paquete 2D', '{"dimension":"2D","cephalometric_analysis":"NEMOCEF JARABACK"}'),
  ('os_014', 'ord_011', 'study_cbct', 1850, '', '{"fov":"8x8","arch":"Maxilar"}'),
  ('os_015', 'ord_012', 'study_photo_digital', 600, '', '{}'),
  ('os_016', 'ord_012', 'study_model_resina', 1200, '', '{}'),
  ('os_017', 'ord_013', 'study_opg', 450, '', '{}'),
  ('os_018', 'ord_013', 'study_carpal', 360, '', '{}'),
  ('os_019', 'ord_014', 'study_mcnamara', 650, '', '{}'),
  ('os_020', 'ord_015', 'study_ortho_package', 3600, 'Paquete 3D', '{"dimension":"3D","cephalometric_analysis":"NEMOCEF MC. NAMARA","tomography":{"fov":"11x10"}}'),
  ('os_021', 'ord_016', 'study_opg', 450, '', '{}'),
  ('os_022', 'ord_017', 'study_cbct', 1850, '', '{"fov":"5x5","tooth":"1.6"}'),
  ('os_023', 'ord_018', 'study_lateral', 380, '', '{}'),
  ('os_024', 'ord_018', 'study_downs', 650, '', '{}'),
  ('os_025', 'ord_019', 'study_cbct', 1850, '', '{"fov":"17x13"}'),
  ('os_026', 'ord_020', 'study_cbct', 1850, '', '{"fov":"8x8","arch":"Mandibular"}'),
  ('os_027', 'ord_021', 'study_atm', 650, '', '{}'),
  ('os_028', 'ord_022', 'study_cbct', 1850, '', '{"fov":"5x5","tooth":"3.7"}'),
  ('os_029', 'ord_023', 'study_opg', 450, '', '{}'),
  ('os_030', 'ord_024', 'study_cbct', 1850, '', '{"fov":"11x10"}'),
  ('os_031', 'ord_025', 'study_senos', 380, '', '{}'),
  ('os_032', 'ord_026', 'study_cbct', 1850, '', '{"fov":"5x5","tooth":"4.8"}');

INSERT INTO results (id, order_id, file_name, file_url, result_type, uploaded_at, downloaded_at) VALUES
  ('res_001', 'ord_001', 'ORD-2026-0001_Mariana_Lopez.pdf', '/results/ORD-2026-0001.pdf', 'pdf', '2026-06-01T13:00:00', '2026-06-01T17:00:00'),
  ('res_002', 'ord_004', 'ORD-2026-0004_Andrea_Ruiz.pdf', '/results/ORD-2026-0004.pdf', 'pdf', '2026-06-02T16:00:00', '2026-06-03T09:00:00'),
  ('res_003', 'ord_005', 'ORD-2026-0005_Lucia_Navarro.pdf', '/results/ORD-2026-0005.pdf', 'pdf', '2026-06-02T14:00:00', NULL),
  ('res_004', 'ord_008', 'ORD-2026-0008_Jorge_Aranda.pdf', '/results/ORD-2026-0008.pdf', 'pdf', '2026-06-03T13:30:00', NULL),
  ('res_005', 'ord_010', 'ORD-2026-0010_Emiliano_Castro.pdf', '/results/ORD-2026-0010.pdf', 'pdf', '2026-06-04T15:00:00', '2026-06-04T18:00:00'),
  ('res_006', 'ord_012', 'ORD-2026-0012_Mateo_Rios.pdf', '/results/ORD-2026-0012.pdf', 'pdf', '2026-06-04T14:00:00', NULL),
  ('res_007', 'ord_015', 'ORD-2026-0015_Valentina_Cruz.pdf', '/results/ORD-2026-0015.pdf', 'pdf', '2026-06-05T15:00:00', NULL),
  ('res_008', 'ord_018', 'ORD-2026-0018_Sofia_Calderon.pdf', '/results/ORD-2026-0018.pdf', 'pdf', '2026-06-06T14:00:00', NULL),
  ('res_009', 'ord_020', 'ORD-2026-0020_Adrian_Ponce.pdf', '/results/ORD-2026-0020.pdf', 'pdf', '2026-06-02T13:00:00', NULL),
  ('res_010', 'ord_023', 'ORD-2026-0023_Alicia_Fuentes.pdf', '/results/ORD-2026-0023.pdf', 'pdf', '2026-06-04T13:00:00', NULL),
  ('res_011', 'ord_025', 'ORD-2026-0025_Monica_Alvarez.pdf', '/results/ORD-2026-0025.pdf', 'pdf', '2026-06-05T15:00:00', '2026-06-06T09:00:00');

INSERT INTO doctor_partner_status (id, doctor_id, current_tier_id, total_points, referred_patients_count, updated_at) VALUES
  ('dps_sofia', 'doc_sofia', 'tier_plata', 1850, 18, '2026-06-06T18:00:00'),
  ('dps_marco', 'doc_marco', 'tier_activo', 820, 8, '2026-06-06T18:00:00');

INSERT INTO partner_point_events (id, doctor_id, order_id, points, reason, description, created_at) VALUES
  ('ppe_001', 'doc_sofia', 'ord_001', 100, 'referred_patient', 'Paciente referido válido', '2026-06-01T09:00:00'),
  ('ppe_002', 'doc_sofia', 'ord_002', 100, 'referred_patient', 'Paciente referido válido', '2026-06-01T09:10:00'),
  ('ppe_003', 'doc_sofia', 'ord_003', 100, 'referred_patient', 'Paciente referido válido', '2026-06-01T09:20:00'),
  ('ppe_004', 'doc_sofia', 'ord_004', 100, 'referred_patient', 'Paciente referido válido', '2026-06-02T09:00:00'),
  ('ppe_005', 'doc_sofia', 'ord_005', 100, 'referred_patient', 'Paciente referido válido', '2026-06-02T09:10:00'),
  ('ppe_006', 'doc_sofia', 'ord_006', 100, 'referred_patient', 'Paciente referido válido', '2026-06-02T09:20:00'),
  ('ppe_007', 'doc_sofia', 'ord_007', 100, 'referred_patient', 'Paciente referido válido', '2026-06-03T09:00:00'),
  ('ppe_008', 'doc_sofia', 'ord_008', 100, 'referred_patient', 'Paciente referido válido', '2026-06-03T09:10:00'),
  ('ppe_009', 'doc_sofia', 'ord_009', 100, 'referred_patient', 'Paciente referido válido', '2026-06-03T09:20:00'),
  ('ppe_010', 'doc_sofia', 'ord_010', 100, 'referred_patient', 'Paciente referido válido', '2026-06-04T09:00:00'),
  ('ppe_011', 'doc_sofia', 'ord_011', 100, 'referred_patient', 'Paciente referido válido', '2026-06-04T09:10:00'),
  ('ppe_012', 'doc_sofia', 'ord_012', 100, 'referred_patient', 'Paciente referido válido', '2026-06-04T09:20:00'),
  ('ppe_013', 'doc_sofia', 'ord_013', 100, 'referred_patient', 'Paciente referido válido', '2026-06-05T09:00:00'),
  ('ppe_014', 'doc_sofia', 'ord_014', 100, 'referred_patient', 'Paciente referido válido', '2026-06-05T09:10:00'),
  ('ppe_015', 'doc_sofia', 'ord_015', 100, 'referred_patient', 'Paciente referido válido', '2026-06-05T09:20:00'),
  ('ppe_016', 'doc_sofia', 'ord_016', 100, 'referred_patient', 'Paciente referido válido', '2026-06-06T09:00:00'),
  ('ppe_017', 'doc_sofia', 'ord_017', 100, 'referred_patient', 'Paciente referido válido', '2026-06-06T09:10:00'),
  ('ppe_018', 'doc_sofia', 'ord_018', 100, 'referred_patient', 'Paciente referido válido', '2026-06-06T09:20:00'),
  ('ppe_019', 'doc_sofia', NULL, 50, 'profile_completion_bonus', 'Bono demo por completar perfil profesional', '2026-06-06T18:00:00'),
  ('ppe_020', 'doc_marco', 'ord_019', 100, 'referred_patient', 'Paciente referido válido', '2026-06-01T10:00:00'),
  ('ppe_021', 'doc_marco', 'ord_020', 100, 'referred_patient', 'Paciente referido válido', '2026-06-02T10:00:00'),
  ('ppe_022', 'doc_marco', 'ord_021', 100, 'referred_patient', 'Paciente referido válido', '2026-06-02T10:10:00'),
  ('ppe_023', 'doc_marco', 'ord_022', 100, 'referred_patient', 'Paciente referido válido', '2026-06-03T10:00:00'),
  ('ppe_024', 'doc_marco', 'ord_023', 100, 'referred_patient', 'Paciente referido válido', '2026-06-04T10:00:00'),
  ('ppe_025', 'doc_marco', 'ord_024', 100, 'referred_patient', 'Paciente referido válido', '2026-06-04T10:10:00'),
  ('ppe_026', 'doc_marco', 'ord_025', 100, 'referred_patient', 'Paciente referido válido', '2026-06-05T10:00:00'),
  ('ppe_027', 'doc_marco', 'ord_026', 100, 'referred_patient', 'Paciente referido válido', '2026-06-06T10:00:00'),
  ('ppe_028', 'doc_marco', NULL, 20, 'training_attendance_bonus', 'Bono demo por asistencia a capacitación', '2026-06-06T18:00:00');

INSERT INTO partner_cashback_events (id, doctor_id, order_id, percentage, base_amount, cashback_amount, status, created_at) VALUES
  ('cash_001', 'doc_sofia', 'ord_001', 10, 830, 83, 'approved', '2026-06-01T13:10:00'),
  ('cash_002', 'doc_sofia', 'ord_004', 10, 2600, 260, 'paid', '2026-06-02T16:10:00'),
  ('cash_003', 'doc_sofia', 'ord_010', 10, 2600, 260, 'paid', '2026-06-04T15:10:00'),
  ('cash_004', 'doc_sofia', 'ord_015', 10, 3600, 360, 'approved', '2026-06-05T15:10:00'),
  ('cash_005', 'doc_marco', 'ord_020', 10, 1850, 185, 'approved', '2026-06-02T13:10:00'),
  ('cash_006', 'doc_marco', 'ord_025', 10, 380, 38, 'paid', '2026-06-05T15:10:00');
